Suite ID,Tool IDs,Description,Suite first commit date,Homepage,Suite version,Suite conda package,Latest suite conda package version,Suite version status,ToolShed categories,EDAM operations,EDAM reduced operations,EDAM topics,EDAM reduced topics,Suite owner,Suite source,Suite parsed folder,bio.tool ID,bio.tool name,bio.tool description,biii ID,Number of tools on UseGalaxy.org (Main),Number of tools on UseGalaxy.org.au,Number of tools on UseGalaxy.eu,Number of tools on UseGalaxy.fr,Number of tools on APOSTL,Number of tools on ARGs-OAP,Number of tools on CIRM-CFBP,Number of tools on ChemFlow,Number of tools on Coloc-stats,Number of tools on CorGAT,Number of tools on CoralSNP,Number of tools on CropGalaxy,Number of tools on Dintor,Number of tools on FreeBioinfo,Number of tools on GASLINI,Number of tools on Galaxy@AuBi,Number of tools on Galaxy@Pasteur,Number of tools on GalaxyTrakr,Number of tools on Genomic Hyperbrowser,Number of tools on GigaGalaxy,Number of tools on IPK Galaxy Blast Suite,Number of tools on ImmPort Galaxy,Number of tools on InteractoMIX,Number of tools on Lebanese University Galaxy,Number of tools on MISSISSIPPI,Number of tools on Mandoiu Lab,Number of tools on MiModD NacreousMap,Number of tools on Oqtans,Number of tools on Palfinder,Number of tools on PepSimili,Number of tools on PhagePromotor,Number of tools on UseGalaxy.cz,Number of tools on UseGalaxy.no,Number of tools on Viral Variant Visualizer (VVV),Suite users (last 5 years) (usegalaxy.eu),Suite users (usegalaxy.eu),Suite runs (last 5 years) (usegalaxy.eu),Suite runs (usegalaxy.eu),Suite users (last 5 years) (usegalaxy.org),Suite users (usegalaxy.org),Suite runs (last 5 years) (usegalaxy.org),Suite runs (usegalaxy.org),Suite users (last 5 years) (usegalaxy.org.au),Suite users (usegalaxy.org.au),Suite runs (last 5 years) (usegalaxy.org.au),Suite runs (usegalaxy.org.au),Suite users (last 5 years) (usegalaxy.fr),Suite users (usegalaxy.fr),Suite runs (last 5 years) (usegalaxy.fr),Suite runs (usegalaxy.fr),Suite users (last 5 years) on main servers,Suite users on main servers,Suite runs (last 5 years) on main servers,Suite runs on main servers,To keep,Deprecated
2d_auto_threshold,['ip_threshold'],Automatic thresholding,2019-01-22,https://github.com/bmcv,0.18.1,scikit-image,,To update,['Imaging'],"['Image analysis', 'Image annotation', 'Visualisation', 'Data handling']","['Image analysis', 'Image annotation', 'Visualisation', 'Data handling']","['Imaging', 'Software engineering', 'Literature and language']","['Imaging', 'Software engineering', 'Literature and language']",imgteam,https://github.com/BMCV/galaxy-image-analysis/tree/master/tools/2d_auto_threshold/,https://github.com/BMCV/galaxy-image-analysis/tree/master/tools/2d_auto_threshold,scikit-image,scikit-image,"Scikit-image contains image processing algorithms for SciPy, including IO, morphology, filtering, warping, color manipulation, object detection, etc.",scikit-image,1,1,1,1,0,0,0,0,0,0,0,0,0,0,0,0,0,0,0,0,0,0,0,0,0,0,0,0,0,0,0,1,1,0,106,125,1275,6826,2,2,11,11,12,12,440,440,0,0,0,0,120,379,1726,10729,False,False
2d_feature_extraction,['ip_2d_feature_extraction'],2D feature extraction,2019-01-08,https://github.com/bmcv,0.18.1,scikit-image,,To update,['Imaging'],"['Image analysis', 'Image annotation', 'Visualisation', 'Data handling']","['Image analysis', 'Image annotation', 'Visualisation', 'Data handling']","['Imaging', 'Software engineering', 'Literature and language']","['Imaging', 'Software engineering', 'Literature and language']",imgteam,https://github.com/BMCV/galaxy-image-analysis/tree/master/tools/2d_feature_extraction/,https://github.com/BMCV/galaxy-image-analysis/tree/master/tools/2d_feature_extraction,scikit-image,scikit-image,"Scikit-image contains image processing algorithms for SciPy, including IO, morphology, filtering, warping, color manipulation, object detection, etc.",scikit-image,0,1,1,0,0,0,0,0,0,0,0,0,0,0,0,0,0,0,0,0,0,0,0,0,0,0,0,0,0,0,0,1,1,0,30,44,819,13885,0,0,0,0,4,4,142,142,0,0,0,0,34,116,961,15949,False,False
2d_filter_segmentation_by_features,['ip_2d_filter_segmentation_by_features'],filter segmentation by rules,2019-07-19,https://github.com/bmcv,0.0.1-4,scikit-image,,To update,['Imaging'],['Image analysis'],['Image analysis'],"['Imaging', 'Bioinformatics']","['Imaging', 'Bioinformatics']",imgteam,https://github.com/BMCV/galaxy-image-analysis/tree/master/tools/2d_filter_segmentation_by_features/,https://github.com/BMCV/galaxy-image-analysis/tree/master/tools/2d_filter_segmentation_by_features,galaxy_image_analysis,Galaxy Image Analysis,Galaxy Image Analysis is mainly developed by the Biomedical Computer Vision (BMCV) Group at Heidelberg University. Its dedication is to provide tools for image analysis and image processing for the Galaxy platform.,,0,1,1,0,0,0,0,0,0,0,0,0,0,0,0,0,0,0,0,0,0,0,0,0,0,0,0,0,0,0,0,1,1,0,26,40,407,6875,0,0,0,0,3,3,140,140,0,0,0,0,29,101,547,8109,False,False
2d_histogram_equalization,['ip_histogram_equalization'],2d histogram equalization,2019-07-23,https://github.com/bmcv,0.18.1,scikit-image,,To update,['Imaging'],"['Image analysis', 'Image annotation', 'Visualisation', 'Data handling']","['Image analysis', 'Image annotation', 'Visualisation', 'Data handling']","['Imaging', 'Software engineering', 'Literature and language']","['Imaging', 'Software engineering', 'Literature and language']",imgteam,https://github.com/BMCV/galaxy-image-analysis/tree/master/tools/2d_histogram_equalization/,https://github.com/BMCV/galaxy-image-analysis/tree/master/tools/2d_histogram_equalization,scikit-image,scikit-image,"Scikit-image contains image processing algorithms for SciPy, including IO, morphology, filtering, warping, color manipulation, object detection, etc.",scikit-image,1,1,1,1,0,0,0,0,0,0,0,0,0,0,0,0,0,0,0,0,0,0,0,0,0,0,0,0,0,0,0,1,1,0,85,103,740,807,2,2,6,6,15,15,258,258,0,0,0,0,102,324,1004,3079,False,False
2d_simple_filter,['ip_filter_standard'],2d simple filter,2019-01-22,https://github.com/bmcv,1.12.0,scipy,,To update,['Imaging'],[],[],[],[],imgteam,https://github.com/BMCV/galaxy-image-analysis/tree/master/tools/2d_simple_filter/,https://github.com/BMCV/galaxy-image-analysis/tree/master/tools/2d_simple_filter,,,,scipy,1,1,1,1,0,0,0,0,0,0,0,0,0,0,0,0,0,0,0,0,0,0,0,0,0,0,0,0,0,0,0,1,1,0,83,103,751,6302,2,2,3,3,15,15,307,307,0,0,0,0,100,320,1061,8734,False,False
anisotropic_diffusion,['ip_anisotropic_diffusion'],Anisotropic image diffusion,2018-12-04,https://github.com/bmcv,0.4.0,medpy,0.4.0,Up-to-date,['Imaging'],[],[],[],[],imgteam,https://github.com/BMCV/galaxy-image-analysis/tree/master/tools/anisotropic-diffusion/,https://github.com/BMCV/galaxy-image-analysis/tree/master/tools/anisotropic_diffusion,,,,,0,0,1,0,0,0,0,0,0,0,0,0,0,0,0,0,0,0,0,0,0,0,0,0,0,0,0,0,0,0,0,1,1,0,2,2,26,41,0,0,0,0,0,0,0,0,0,0,0,0,2,6,26,93,False,False
background_removal,['background_removal'],Background removal filters using scikit-image,2024-07-12,https://github.com/bmcv,0.24.0,scikit-image,,To update,['Imaging'],[],[],[],[],imgteam,https://github.com/BMCV/galaxy-image-analysis/tools/background_removal,https://github.com/BMCV/galaxy-image-analysis/tree/master/tools/background_removal,,,,,0,0,1,0,0,0,0,0,0,0,0,0,0,0,0,0,0,0,0,0,0,0,0,0,0,0,0,0,0,0,0,0,0,0,3,3,30,30,0,0,0,0,0,0,0,0,0,0,0,0,3,9,30,90,False,False
bfconvert,['ip_convertimage'],Convert image,2019-07-22,https://github.com/bmcv,6.7.0,bftools,8.0.0,To update,"['Imaging', 'Convert Formats']",[],[],[],[],imgteam,https://github.com/BMCV/galaxy-image-analysis/tree/master/tools/bfconvert/,https://github.com/BMCV/galaxy-image-analysis/tree/master/tools/bfconvert,,,,python-bioformats,1,1,1,1,0,0,0,0,0,0,0,0,0,0,0,0,0,0,0,0,0,0,0,0,0,0,0,0,0,0,0,1,1,0,107,126,1601,1713,1,1,1,1,23,23,404,404,0,0,0,0,131,412,2006,6130,False,False
binary2labelimage,['ip_binary_to_labelimage'],Binary 2 label image,2017-02-11,https://github.com/bmcv,0.5,scikit-image,,To update,['Imaging'],['Image analysis'],['Image analysis'],"['Imaging', 'Bioinformatics']","['Imaging', 'Bioinformatics']",imgteam,https://github.com/BMCV/galaxy-image-analysis/tree/master/tools/binary2labelimage/,https://github.com/BMCV/galaxy-image-analysis/tree/master/tools/binary2labelimage,galaxy_image_analysis,Galaxy Image Analysis,Galaxy Image Analysis is mainly developed by the Biomedical Computer Vision (BMCV) Group at Heidelberg University. Its dedication is to provide tools for image analysis and image processing for the Galaxy platform.,,1,1,1,0,0,0,0,0,0,0,0,0,0,0,0,0,0,0,0,0,0,0,0,0,0,0,0,0,0,0,0,1,1,0,75,91,432,1446,3,3,5,5,10,10,238,238,0,0,0,0,88,280,675,3039,False,False
binaryimage2points,['ip_binaryimage_to_points'],Binary Image to Points,2017-10-30,https://github.com/bmcv,0.1-2,numpy,,To update,['Imaging'],['Image analysis'],['Image analysis'],"['Imaging', 'Bioinformatics']","['Imaging', 'Bioinformatics']",imgteam,https://github.com/BMCV/galaxy-image-analysis/tree/master/tools/binaryimage2points/,https://github.com/BMCV/galaxy-image-analysis/tree/master/tools/binaryimage2points,galaxy_image_analysis,Galaxy Image Analysis,Galaxy Image Analysis is mainly developed by the Biomedical Computer Vision (BMCV) Group at Heidelberg University. Its dedication is to provide tools for image analysis and image processing for the Galaxy platform.,,0,0,1,0,0,0,0,0,0,0,0,0,0,0,0,0,0,0,0,0,0,0,0,0,0,0,0,0,0,0,0,1,1,0,1,1,17,29,0,0,0,0,0,0,0,0,0,0,0,0,1,3,17,63,False,False
bioformats2raw,['bf2raw'],Convert image to OME-Zarr,2023-11-02,https://github.com/Euro-BioImaging,0.7.0,,,To update,"['Imaging', 'Convert Formats']",[],[],[],[],imgteam,https://github.com/BMCV/galaxy-image-analysis/tree/master/tools/bioformats2raw,https://github.com/BMCV/galaxy-image-analysis/tree/master/tools/bioformats2raw,,,,,0,0,1,1,0,0,0,0,0,0,0,0,0,0,0,0,0,0,0,0,0,0,0,0,0,0,0,0,0,0,0,0,0,0,4,4,62,62,0,0,0,0,0,0,0,0,0,0,0,0,4,12,62,186,False,False
color_deconvolution,['ip_color_deconvolution'],Color-deconvolution methods,2024-09-30,https://github.com/bmcv,0.9,scikit-image,,To update,['Imaging'],['Image analysis'],['Image analysis'],"['Imaging', 'Bioinformatics']","['Imaging', 'Bioinformatics']",imgteam,https://github.com/BMCV/galaxy-image-analysis/tree/master/tools/color_deconvolution/,https://github.com/BMCV/galaxy-image-analysis/tree/master/tools/color_deconvolution,galaxy_image_analysis,Galaxy Image Analysis,Galaxy Image Analysis is mainly developed by the Biomedical Computer Vision (BMCV) Group at Heidelberg University. Its dedication is to provide tools for image analysis and image processing for the Galaxy platform.,,0,0,1,0,0,0,0,0,0,0,0,0,0,0,0,0,0,0,0,0,0,0,0,0,0,0,0,0,0,0,0,0,1,0,4,5,44,45,0,0,0,0,0,0,0,0,0,0,0,0,4,13,44,133,False,False
colorize_labels,['colorize_labels'],Colorize label map,2024-03-12,https://github.com/bmcv,3.2.1,networkx,,To update,['Imaging'],[],[],[],[],imgteam,https://github.com/BMCV/galaxy-image-analysis/tree/master/tools/colorize_labels,https://github.com/BMCV/galaxy-image-analysis/tree/master/tools/colorize_labels,,,,,0,0,1,0,0,0,0,0,0,0,0,0,0,0,0,0,0,0,0,0,0,0,0,0,0,0,0,0,0,0,0,0,0,0,5,5,62,62,0,0,0,0,0,0,0,0,0,0,0,0,5,15,62,186,False,False
concat_channels,['ip_concat_channels'],Concatenate images,2017-10-30,https://github.com/bmcv,0.3-1,scikit-image,,To update,['Imaging'],['Image analysis'],['Image analysis'],"['Imaging', 'Bioinformatics']","['Imaging', 'Bioinformatics']",imgteam,https://github.com/BMCV/galaxy-image-analysis/tree/master/tools/concat_channels/,https://github.com/BMCV/galaxy-image-analysis/tree/master/tools/concat_channels,galaxy_image_analysis,Galaxy Image Analysis,Galaxy Image Analysis is mainly developed by the Biomedical Computer Vision (BMCV) Group at Heidelberg University. Its dedication is to provide tools for image analysis and image processing for the Galaxy platform.,,0,0,1,0,0,0,0,0,0,0,0,0,0,0,0,0,0,0,0,0,0,0,0,0,0,0,0,0,0,0,0,1,1,0,12,13,68,84,0,0,0,0,0,0,0,0,0,0,0,0,12,37,68,220,False,False
coordinates_of_roi,['ip_coordinates_of_roi'],Coordinates of ROI,2019-01-08,https://github.com/bmcv,0.0.4-2,scikit-image,,To update,['Imaging'],['Image analysis'],['Image analysis'],"['Imaging', 'Bioinformatics']","['Imaging', 'Bioinformatics']",imgteam,https://github.com/BMCV/galaxy-image-analysis/tree/master/tools/coordinates_of_roi/,https://github.com/BMCV/galaxy-image-analysis/tree/master/tools/coordinates_of_roi,galaxy_image_analysis,Galaxy Image Analysis,Galaxy Image Analysis is mainly developed by the Biomedical Computer Vision (BMCV) Group at Heidelberg University. Its dedication is to provide tools for image analysis and image processing for the Galaxy platform.,,0,0,1,0,0,0,0,0,0,0,0,0,0,0,0,0,0,0,0,0,0,0,0,0,0,0,0,0,0,0,0,1,1,0,11,11,15589,16547,0,0,0,0,0,0,0,0,0,0,0,0,11,33,15589,47725,False,False
count_objects,['ip_count_objects'],Count Objects,2019-01-08,https://github.com/bmcv,0.0.5-2,scikit-image,,To update,['Imaging'],['Image analysis'],['Image analysis'],"['Imaging', 'Bioinformatics']","['Imaging', 'Bioinformatics']",imgteam,https://github.com/BMCV/galaxy-image-analysis/tree/master/tools/count_objects/,https://github.com/BMCV/galaxy-image-analysis/tree/master/tools/count_objects,galaxy_image_analysis,Galaxy Image Analysis,Galaxy Image Analysis is mainly developed by the Biomedical Computer Vision (BMCV) Group at Heidelberg University. Its dedication is to provide tools for image analysis and image processing for the Galaxy platform.,,1,1,1,1,0,0,0,0,0,0,0,0,0,0,0,0,0,0,0,0,0,0,0,0,0,0,0,0,0,0,0,1,1,0,62,76,300,341,3,3,4,4,7,7,158,158,0,0,0,0,72,230,462,1427,False,False
curve_fitting,['ip_curve_fitting'],Polynomial curve fitting to data points,2021-07-22,https://github.com/BMCV/galaxy-image-analysis,0.0.3-2,numpy,,To update,['Imaging'],['Image analysis'],['Image analysis'],"['Imaging', 'Bioinformatics']","['Imaging', 'Bioinformatics']",imgteam,https://github.com/BMCV/galaxy-image-analysis/tree/master/tools/curve_fitting/,https://github.com/BMCV/galaxy-image-analysis/tree/master/tools/curve_fitting,galaxy_image_analysis,Galaxy Image Analysis,Galaxy Image Analysis is mainly developed by the Biomedical Computer Vision (BMCV) Group at Heidelberg University. Its dedication is to provide tools for image analysis and image processing for the Galaxy platform.,,0,0,1,0,0,0,0,0,0,0,0,0,0,0,0,0,0,0,0,0,0,0,0,0,0,0,0,0,0,0,0,1,0,0,3,3,29,29,0,0,0,0,0,0,0,0,0,0,0,0,3,9,29,87,False,False
detection_viz,['ip_detection_viz'],Detection Visualization,2017-10-30,https://github.com/bmcv,0.3-2,scikit-image,,To update,['Imaging'],['Image analysis'],['Image analysis'],"['Imaging', 'Bioinformatics']","['Imaging', 'Bioinformatics']",imgteam,https://github.com/BMCV/galaxy-image-analysis/tree/master/tools/detection_viz/,https://github.com/BMCV/galaxy-image-analysis/tree/master/tools/detection_viz,galaxy_image_analysis,Galaxy Image Analysis,Galaxy Image Analysis is mainly developed by the Biomedical Computer Vision (BMCV) Group at Heidelberg University. Its dedication is to provide tools for image analysis and image processing for the Galaxy platform.,,0,0,1,0,0,0,0,0,0,0,0,0,0,0,0,0,0,0,0,0,0,0,0,0,0,0,0,0,0,0,0,1,1,0,9,9,34,49,0,0,0,0,0,0,0,0,0,0,0,0,9,27,34,117,False,False
image_info,['ip_imageinfo'],Extracts image metadata,2019-07-19,https://github.com/bmcv,5.7.1,bftools,8.0.0,To update,['Imaging'],[],[],[],[],imgteam,https://github.com/BMCV/galaxy-image-analysis/tree/master/tools/image_info/,https://github.com/BMCV/galaxy-image-analysis/tree/master/tools/image_info,,,,python-bioformats,0,1,1,1,0,0,0,0,0,0,0,0,0,0,0,0,0,0,0,0,0,0,0,0,0,0,0,0,0,0,0,1,1,0,88,106,242,667,0,0,0,0,16,16,180,180,0,0,0,0,104,330,422,1691,False,False
image_math,['image_math'],Process images using arithmetic expressions,2024-03-09,https://github.com/bmcv,1.26.4,numpy,,To update,['Imaging'],[],[],[],[],imgteam,https://github.com/BMCV/galaxy-image-analysis/tree/master/tools/image_math,https://github.com/BMCV/galaxy-image-analysis/tree/master/tools/image_math,,,,,0,0,1,0,0,0,0,0,0,0,0,0,0,0,0,0,0,0,0,0,0,0,0,0,0,0,0,0,0,0,0,0,0,0,3,3,74,74,0,0,0,0,0,0,0,0,0,0,0,0,3,9,74,222,False,False
image_registration_affine,['ip_image_registration'],Intensity-based Image Registration,2020-12-29,https://github.com/bmcv,0.0.3-2,scikit-image,,To update,['Imaging'],['Image analysis'],['Image analysis'],"['Imaging', 'Bioinformatics']","['Imaging', 'Bioinformatics']",imgteam,https://github.com/BMCV/galaxy-image-analysis/tree/master/tools/image_registration_affine/,https://github.com/BMCV/galaxy-image-analysis/tree/master/tools/image_registration_affine,galaxy_image_analysis,Galaxy Image Analysis,Galaxy Image Analysis is mainly developed by the Biomedical Computer Vision (BMCV) Group at Heidelberg University. Its dedication is to provide tools for image analysis and image processing for the Galaxy platform.,,0,0,1,0,0,0,0,0,0,0,0,0,0,0,0,0,0,0,0,0,0,0,0,0,0,0,0,0,0,0,0,1,0,0,5,5,16,16,0,0,0,0,0,0,0,0,0,0,0,0,5,15,16,48,False,False
imagecoordinates_flipaxis,['imagecoordinates_flipaxis'],Flip coordinate axes,2019-03-08,https://github.com/bmcv,0.1-2,pandas,,To update,['Imaging'],['Image analysis'],['Image analysis'],"['Imaging', 'Bioinformatics']","['Imaging', 'Bioinformatics']",imgteam,https://github.com/BMCV/galaxy-image-analysis/tree/master/tools/imagecoordinates_flipaxis/,https://github.com/BMCV/galaxy-image-analysis/tree/master/tools/imagecoordinates_flipaxis,galaxy_image_analysis,Galaxy Image Analysis,Galaxy Image Analysis is mainly developed by the Biomedical Computer Vision (BMCV) Group at Heidelberg University. Its dedication is to provide tools for image analysis and image processing for the Galaxy platform.,,0,0,1,0,0,0,0,0,0,0,0,0,0,0,0,0,0,0,0,0,0,0,0,0,0,0,0,0,0,0,0,1,1,0,10,12,20930,21850,0,0,0,0,0,0,0,0,0,0,0,0,10,32,20930,63710,False,False
label_to_binary,['label_to_binary'],Convert label map to binary image,2024-03-13,https://github.com/bmcv,1.26.4,numpy,,To update,['Imaging'],['Image analysis'],['Image analysis'],"['Imaging', 'Bioinformatics']","['Imaging', 'Bioinformatics']",imgteam,https://github.com/BMCV/galaxy-image-analysis/tree/master/tools/label_to_binary/,https://github.com/BMCV/galaxy-image-analysis/tree/master/tools/label_to_binary,galaxy_image_analysis,Galaxy Image Analysis,Galaxy Image Analysis is mainly developed by the Biomedical Computer Vision (BMCV) Group at Heidelberg University. Its dedication is to provide tools for image analysis and image processing for the Galaxy platform.,,0,0,1,0,0,0,0,0,0,0,0,0,0,0,0,0,0,0,0,0,0,0,0,0,0,0,0,0,0,0,0,0,0,0,0,0,0,0,0,0,0,0,0,0,0,0,0,0,0,0,0,0,0,0,False,False
labelimage2points,['ip_labelimage_to_points'],Label Image to Points,2017-10-30,https://github.com/bmcv,0.2-2,scikit-image,,To update,['Imaging'],['Image analysis'],['Image analysis'],"['Imaging', 'Bioinformatics']","['Imaging', 'Bioinformatics']",imgteam,https://github.com/BMCV/galaxy-image-analysis/tree/master/tools/labelimage2points/,https://github.com/BMCV/galaxy-image-analysis/tree/master/tools/labelimage2points,galaxy_image_analysis,Galaxy Image Analysis,Galaxy Image Analysis is mainly developed by the Biomedical Computer Vision (BMCV) Group at Heidelberg University. Its dedication is to provide tools for image analysis and image processing for the Galaxy platform.,,0,0,1,0,0,0,0,0,0,0,0,0,0,0,0,0,0,0,0,0,0,0,0,0,0,0,0,0,0,0,0,1,1,0,2,2,25,38,0,0,0,0,0,0,0,0,0,0,0,0,2,6,25,88,False,False
landmark_registration,['ip_landmark_registration'],Landmark Registration,2019-02-04,https://github.com/bmcv,0.1.0-2,scikit-image,,To update,['Imaging'],['Image analysis'],['Image analysis'],"['Imaging', 'Bioinformatics']","['Imaging', 'Bioinformatics']",imgteam,https://github.com/BMCV/galaxy-image-analysis/tree/master/tools/landmark_registration/,https://github.com/BMCV/galaxy-image-analysis/tree/master/tools/landmark_registration,galaxy_image_analysis,Galaxy Image Analysis,Galaxy Image Analysis is mainly developed by the Biomedical Computer Vision (BMCV) Group at Heidelberg University. Its dedication is to provide tools for image analysis and image processing for the Galaxy platform.,,1,0,1,0,0,0,0,0,0,0,0,0,0,0,0,0,0,0,0,0,0,0,0,0,0,0,0,0,0,0,0,1,1,0,14,16,859,931,4,4,5,5,0,0,0,0,0,0,0,0,18,56,864,2664,False,False
mahotas_features,['ip_mahotas_features'],Compute image features using mahotas.,2024-09-30,https://github.com/luispedro/mahotas,0.7-2,mahotas,,To update,['Imaging'],[],[],[],[],imgteam,https://github.com/BMCV/galaxy-image-analysis/tree/master/tools/mahotas-features/,https://github.com/BMCV/galaxy-image-analysis/tree/master/tools/mahotas_features,,,,mahotas-feature-computation,0,0,1,0,0,0,0,0,0,0,0,0,0,0,0,0,0,0,0,0,0,0,0,0,0,0,0,0,0,0,0,1,1,0,6,6,32,44,0,0,0,0,0,0,0,0,0,0,0,0,6,18,32,108,False,False
mergeneighboursinlabelimage,['ip_merge_neighbours_in_label'],Merge Neighbours in Label Image,2019-01-08,https://github.com/bmcv,0.3-2,scikit-image,,To update,['Imaging'],['Image analysis'],['Image analysis'],"['Imaging', 'Bioinformatics']","['Imaging', 'Bioinformatics']",imgteam,https://github.com/BMCV/galaxy-image-analysis/tree/master/tools/\mergeneighboursinlabelimage,https://github.com/BMCV/galaxy-image-analysis/tree/master/tools/mergeneighboursinlabelimage,galaxy_image_analysis,Galaxy Image Analysis,Galaxy Image Analysis is mainly developed by the Biomedical Computer Vision (BMCV) Group at Heidelberg University. Its dedication is to provide tools for image analysis and image processing for the Galaxy platform.,,0,0,1,0,0,0,0,0,0,0,0,0,0,0,0,0,0,0,0,0,0,0,0,0,0,0,0,0,0,0,0,1,1,0,2,3,11,25,0,0,0,0,0,0,0,0,0,0,0,0,2,7,11,47,False,False
morphological_operations,['morphological_operations'],Apply morphological operations to images,2024-03-08,https://github.com/bmcv,1.12.0,scipy,,To update,['Imaging'],[],[],[],[],imgteam,https://github.com/BMCV/galaxy-image-analysis/tree/master/tools/morphological_operations,https://github.com/BMCV/galaxy-image-analysis/tree/master/tools/morphological_operations,,,,scipy,0,0,1,0,0,0,0,0,0,0,0,0,0,0,0,0,0,0,0,0,0,0,0,0,0,0,0,0,0,0,0,0,0,0,0,0,0,0,0,0,0,0,0,0,0,0,0,0,0,0,0,0,0,0,False,False
orientationpy,['orientationpy'],Compute image orientation,2024-03-12,https://github.com/bmcv,0.2.0.4,orientationpy,0.2.0.4,Up-to-date,['Imaging'],[],[],[],[],imgteam,https://github.com/BMCV/galaxy-image-analysis/tree/master/tools/orientationpy,https://github.com/BMCV/galaxy-image-analysis/tree/master/tools/orientationpy,,,,orientationj,0,0,1,0,0,0,0,0,0,0,0,0,0,0,0,0,0,0,0,0,0,0,0,0,0,0,0,0,0,0,0,0,0,0,0,0,0,0,0,0,0,0,0,0,0,0,0,0,0,0,0,0,0,0,False,False
overlay_images,['ip_overlay_images'],Overlay two images,2022-02-26,https://github.com/BMCV/galaxy-image-analysis,0.0.4,scikit-image,,To update,['Imaging'],['Image analysis'],['Image analysis'],"['Imaging', 'Bioinformatics']","['Imaging', 'Bioinformatics']",imgteam,https://github.com/BMCV/galaxy-image-analysis/tree/master/tools/overlay_images/,https://github.com/BMCV/galaxy-image-analysis/tree/master/tools/overlay_images,galaxy_image_analysis,Galaxy Image Analysis,Galaxy Image Analysis is mainly developed by the Biomedical Computer Vision (BMCV) Group at Heidelberg University. Its dedication is to provide tools for image analysis and image processing for the Galaxy platform.,,1,1,1,1,0,0,0,0,0,0,0,0,0,0,0,0,0,0,0,0,0,0,0,0,0,0,0,0,0,0,0,1,0,0,34,34,187,187,1,1,1,1,2,2,152,152,0,0,0,0,37,111,340,1020,False,False
permutate_axis,['ip_permutate_axis'],Permutates axes,2017-10-30,https://github.com/bmcv,0.2-2,scikit-image,,To update,['Imaging'],['Image analysis'],['Image analysis'],"['Imaging', 'Bioinformatics']","['Imaging', 'Bioinformatics']",imgteam,https://github.com/BMCV/galaxy-image-analysis/tree/master/tools/permutate_axis/,https://github.com/BMCV/galaxy-image-analysis/tree/master/tools/permutate_axis,galaxy_image_analysis,Galaxy Image Analysis,Galaxy Image Analysis is mainly developed by the Biomedical Computer Vision (BMCV) Group at Heidelberg University. Its dedication is to provide tools for image analysis and image processing for the Galaxy platform.,,0,0,1,0,0,0,0,0,0,0,0,0,0,0,0,0,0,0,0,0,0,0,0,0,0,0,0,0,0,0,0,1,1,0,1,2,26,42,0,0,0,0,0,0,0,0,0,0,0,0,1,4,26,94,False,False
plantseg,['plantseg'],Tool for cell instance aware segmentation in densely packed 3D volumetric images,2024-06-19,https://github.com/bmcv,1.8.1,plant-seg,,To update,['Imaging'],"['Network analysis', 'Quantification', 'Microscope image visualisation']","['Network analysis', 'Quantification', 'Microscope image visualisation']","['Plant biology', 'Bioimaging', 'Light microscopy', 'Machine learning', 'Electron microscopy']","['Plant biology', 'Bioimaging', 'Light microscopy', 'Machine learning', 'Electron microscopy']",imgteam,https://github.com/BMCV/galaxy-image-analysis/tree/master/tools/plantseg/,https://github.com/BMCV/galaxy-image-analysis/tree/master/tools/plantseg,plantseg,PlantSeg,Accurate and Versatile 3D Segmentation of Plant Tissues at Cellular Resolution.PlantSeg is a tool for cell instance aware segmentation in densely packed 3D volumetric images. The pipeline uses a two stages segmentation strategy (Neural Network + Segmentation). The pipeline is tuned for plant cell tissue acquired with confocal and light sheet microscopy. Pre-trained models are provided.,,0,0,1,0,0,0,0,0,0,0,0,0,0,0,0,0,0,0,0,0,0,0,0,0,0,0,0,0,0,0,0,0,0,0,0,0,0,0,0,0,0,0,0,0,0,0,0,0,0,0,0,0,0,0,False,False
points2labelimage,['ip_points_to_label'],Points to label image,2017-10-30,https://github.com/bmcv,0.4,scikit-image,,To update,['Imaging'],['Image analysis'],['Image analysis'],"['Imaging', 'Bioinformatics']","['Imaging', 'Bioinformatics']",imgteam,https://github.com/BMCV/galaxy-image-analysis/tree/master/tools/points2labelimage/,https://github.com/BMCV/galaxy-image-analysis/tree/master/tools/points2labelimage,galaxy_image_analysis,Galaxy Image Analysis,Galaxy Image Analysis is mainly developed by the Biomedical Computer Vision (BMCV) Group at Heidelberg University. Its dedication is to provide tools for image analysis and image processing for the Galaxy platform.,,0,0,1,0,0,0,0,0,0,0,0,0,0,0,0,0,0,0,0,0,0,0,0,0,0,0,0,0,0,0,0,1,1,0,2,2,46,54,0,0,0,0,0,0,0,0,0,0,0,0,2,6,46,146,False,False
points_association_nn,['ip_points_association_nn'],Association of points in consecutive frames,2021-07-22,https://github.com/BMCV/galaxy-image-analysis,0.0.3-2,numpy,,To update,['Imaging'],['Image analysis'],['Image analysis'],"['Imaging', 'Bioinformatics']","['Imaging', 'Bioinformatics']",imgteam,https://github.com/BMCV/galaxy-image-analysis/tree/master/tools/points_association_nn/,https://github.com/BMCV/galaxy-image-analysis/tree/master/tools/points_association_nn,galaxy_image_analysis,Galaxy Image Analysis,Galaxy Image Analysis is mainly developed by the Biomedical Computer Vision (BMCV) Group at Heidelberg University. Its dedication is to provide tools for image analysis and image processing for the Galaxy platform.,,0,0,1,0,0,0,0,0,0,0,0,0,0,0,0,0,0,0,0,0,0,0,0,0,0,0,0,0,0,0,0,1,0,0,5,5,46,46,0,0,0,0,0,0,0,0,0,0,0,0,5,15,46,138,False,False
projective_transformation,['ip_projective_transformation'],Projective transformation,2018-12-07,https://github.com/bmcv,0.1.2,scikit-image,,To update,['Imaging'],['Image analysis'],['Image analysis'],"['Imaging', 'Bioinformatics']","['Imaging', 'Bioinformatics']",imgteam,https://github.com/BMCV/galaxy-image-analysis/tree/master/tools/projective_transformation/,https://github.com/BMCV/galaxy-image-analysis/tree/master/tools/projective_transformation,galaxy_image_analysis,Galaxy Image Analysis,Galaxy Image Analysis is mainly developed by the Biomedical Computer Vision (BMCV) Group at Heidelberg University. Its dedication is to provide tools for image analysis and image processing for the Galaxy platform.,,0,0,1,0,0,0,0,0,0,0,0,0,0,0,0,0,0,0,0,0,0,0,0,0,0,0,0,0,0,0,0,1,1,0,4,6,33,86,0,0,0,0,0,0,0,0,0,0,0,0,4,14,33,152,False,False
projective_transformation_points,['ip_projective_transformation_points'],Projective transformation of ROIs defined by pixel (point) coordinates,2018-12-07,https://github.com/bmcv,0.1.1,scikit-image,,To update,['Imaging'],['Image analysis'],['Image analysis'],"['Imaging', 'Bioinformatics']","['Imaging', 'Bioinformatics']",imgteam,https://github.com/BMCV/galaxy-image-analysis/tree/master/tools/projective_transformation_points/,https://github.com/BMCV/galaxy-image-analysis/tree/master/tools/projective_transformation_points,galaxy_image_analysis,Galaxy Image Analysis,Galaxy Image Analysis is mainly developed by the Biomedical Computer Vision (BMCV) Group at Heidelberg University. Its dedication is to provide tools for image analysis and image processing for the Galaxy platform.,,0,0,1,0,0,0,0,0,0,0,0,0,0,0,0,0,0,0,0,0,0,0,0,0,0,0,0,0,0,0,0,1,1,0,14,18,20446,21445,0,0,0,0,0,0,0,0,0,0,0,0,14,46,20446,62337,False,False
repeat_channels,['repeat_channels'],Convert single-channel to multi-channel image,2024-04-25,https://github.com/bmcv,1.26.4,numpy,,To update,['Imaging'],['Image analysis'],['Image analysis'],"['Imaging', 'Bioinformatics']","['Imaging', 'Bioinformatics']",imgteam,https://github.com/BMCV/galaxy-image-analysis/tree/master/tools/repeat_channels/,https://github.com/BMCV/galaxy-image-analysis/tree/master/tools/repeat_channels,galaxy_image_analysis,Galaxy Image Analysis,Galaxy Image Analysis is mainly developed by the Biomedical Computer Vision (BMCV) Group at Heidelberg University. Its dedication is to provide tools for image analysis and image processing for the Galaxy platform.,,0,0,1,0,0,0,0,0,0,0,0,0,0,0,0,0,0,0,0,0,0,0,0,0,0,0,0,0,0,0,0,0,0,0,5,5,14,14,0,0,0,0,0,0,0,0,0,0,0,0,5,15,14,42,False,False
rfove,['rfove'],Perform segmentation region-based fitting of overlapping ellipses,2023-11-12,https://sites.google.com/site/costaspanagiotakis/research/cs,2023.11.12,,,To update,['Imaging'],['Image analysis'],['Image analysis'],"['Cell biology', 'Biomedical science', 'Imaging']","['Cell biology', 'Biomedical science', 'Imaging']",imgteam,https://github.com/BMCV/galaxy-image-analysis/tree/master/tools/rfove/,https://github.com/BMCV/galaxy-image-analysis/tree/master/tools/rfove,rfove,RFOVE,RFOVE (Region-based Fitting of Overlapping Ellipses and its Application to Cells Segmentation) is a MATLAB script for performing image segmentation on cells.,,0,0,1,0,0,0,0,0,0,0,0,0,0,0,0,0,0,0,0,0,0,0,0,0,0,0,0,0,0,0,0,0,0,0,7,7,15,15,0,0,0,0,0,0,0,0,0,0,0,0,7,21,15,45,False,False
scale_image,['ip_scale_image'],Scale image,2018-12-07,https://github.com/bmcv,0.18.3,scikit-image,,To update,['Imaging'],"['Image analysis', 'Image annotation', 'Visualisation', 'Data handling']","['Image analysis', 'Image annotation', 'Visualisation', 'Data handling']","['Imaging', 'Software engineering', 'Literature and language']","['Imaging', 'Software engineering', 'Literature and language']",imgteam,https://github.com/BMCV/galaxy-image-analysis/tree/master/tools/scale_image/,https://github.com/BMCV/galaxy-image-analysis/tree/master/tools/scale_image,scikit-image,scikit-image,"Scikit-image contains image processing algorithms for SciPy, including IO, morphology, filtering, warping, color manipulation, object detection, etc.",scikit-image,0,0,1,0,0,0,0,0,0,0,0,0,0,0,0,0,0,0,0,0,0,0,0,0,0,0,0,0,0,0,0,1,1,0,14,17,454,521,0,0,0,0,0,0,0,0,0,0,0,0,14,45,454,1429,False,False
segmetrics,['ip_segmetrics'],Image segmentation and object detection performance measures,2022-10-07,https://github.com/bmcv,1.4,segmetrics,1.5,To update,['Imaging'],['Image analysis'],['Image analysis'],[],[],imgteam,https://github.com/BMCV/galaxy-image-analysis/tree/master/tools/segmetrics/,https://github.com/BMCV/galaxy-image-analysis/tree/master/tools/segmetrics,segmetrics,SegMetrics,Image segmentation and object detection performance measures,segmetrics,0,0,1,0,0,0,0,0,0,0,0,0,0,0,0,0,0,0,0,0,0,0,0,0,0,0,0,0,0,0,0,1,0,0,2,2,10,10,0,0,0,0,0,0,0,0,0,0,0,0,2,6,10,30,False,False
slice_image,['ip_slice_image'],Slice image,2017-10-30,https://github.com/bmcv,0.3-4,scikit-image,,To update,['Imaging'],['Image analysis'],['Image analysis'],"['Imaging', 'Bioinformatics']","['Imaging', 'Bioinformatics']",imgteam,https://github.com/BMCV/galaxy-image-analysis/tree/master/tools/slice_image/,https://github.com/BMCV/galaxy-image-analysis/tree/master/tools/slice_image,galaxy_image_analysis,Galaxy Image Analysis,Galaxy Image Analysis is mainly developed by the Biomedical Computer Vision (BMCV) Group at Heidelberg University. Its dedication is to provide tools for image analysis and image processing for the Galaxy platform.,,1,1,1,0,0,0,0,0,0,0,0,0,0,0,0,0,0,0,0,0,0,0,0,0,0,0,0,0,0,0,0,1,1,0,4,5,80,103,0,0,0,0,1,1,24,24,0,0,0,0,5,16,104,335,False,False
split_image,['ip_split_image'],Split image along axes,2025-03-07,https://github.com/bmcv,2.2.3,numpy,,To update,['Imaging'],[],[],[],[],imgteam,https://github.com/BMCV/galaxy-image-analysis/tree/master/tools/split_image/,https://github.com/BMCV/galaxy-image-analysis/tree/master/tools/split_image,,,,,0,0,1,0,0,0,0,0,0,0,0,0,0,0,0,0,0,0,0,0,0,0,0,0,0,0,0,0,0,0,0,0,0,0,0,0,0,0,0,0,0,0,0,0,0,0,0,0,0,0,0,0,0,0,,
split_labelmap,['ip_split_labelmap'],Split Labelmaps,2018-12-11,https://github.com/bmcv,0.2-3,scikit-image,,To update,['Imaging'],['Image analysis'],['Image analysis'],"['Imaging', 'Bioinformatics']","['Imaging', 'Bioinformatics']",imgteam,https://github.com/BMCV/galaxy-image-analysis/tree/master/tools/split_labelmaps/,https://github.com/BMCV/galaxy-image-analysis/tree/master/tools/split_labelmap,galaxy_image_analysis,Galaxy Image Analysis,Galaxy Image Analysis is mainly developed by the Biomedical Computer Vision (BMCV) Group at Heidelberg University. Its dedication is to provide tools for image analysis and image processing for the Galaxy platform.,,0,0,1,0,0,0,0,0,0,0,0,0,0,0,0,0,0,0,0,0,0,0,0,0,0,0,0,0,0,0,0,1,1,0,2,3,35,51,0,0,0,0,0,0,0,0,0,0,0,0,2,7,35,121,False,False
spot_detection_2d,['ip_spot_detection_2d'],Spot detection in 2D image sequence,2021-07-20,https://github.com/BMCV/galaxy-image-analysis,0.1,giatools,0.4.0,To update,['Imaging'],['Image analysis'],['Image analysis'],"['Imaging', 'Bioinformatics']","['Imaging', 'Bioinformatics']",imgteam,https://github.com/BMCV/galaxy-image-analysis/tree/master/tools/spot_detection_2d/,https://github.com/BMCV/galaxy-image-analysis/tree/master/tools/spot_detection_2d,galaxy_image_analysis,Galaxy Image Analysis,Galaxy Image Analysis is mainly developed by the Biomedical Computer Vision (BMCV) Group at Heidelberg University. Its dedication is to provide tools for image analysis and image processing for the Galaxy platform.,,0,0,1,0,0,0,0,0,0,0,0,0,0,0,0,0,0,0,0,0,0,0,0,0,0,0,0,0,0,0,0,1,0,0,6,6,79,79,0,0,0,0,0,0,0,0,0,0,0,0,6,18,79,237,False,False
superdsm,['ip_superdsm'],Globally optimal segmentation method based on superadditivity and deformable shape models for cell nuclei in fluorescence microscopy images,2023-06-20,https://github.com/bmcv,0.2.0,superdsm,0.4.0,To update,['Imaging'],['Image analysis'],['Image analysis'],[],[],imgteam,https://github.com/BMCV/galaxy-image-analysis/tree/master/tools/superdsm/,https://github.com/BMCV/galaxy-image-analysis/tree/master/tools/superdsm,superdsm,SuperDSM,SuperDSM is a globally optimal segmentation method based on superadditivity and deformable shape models for cell nuclei in fluorescence microscopy images and beyond.,superdsm,0,0,1,0,0,0,0,0,0,0,0,0,0,0,0,0,0,0,0,0,0,0,0,0,0,0,0,0,0,0,0,1,0,0,5,5,26,26,0,0,0,0,0,0,0,0,0,0,0,0,5,15,26,78,False,False
visceral_evaluatesegmentation,['ip_visceral_evaluatesegmentation'],Visceral Project - Evaluate Segmentation Tool,2024-09-30,https://github.com/bmcv,0.5-2,visceral-evaluatesegmentation,2015.07.03,To update,['Imaging'],[],[],[],[],imgteam,https://github.com/BMCV/galaxy-image-analysis/tree/master/tools/visceral-evaluatesegmentation,https://github.com/BMCV/galaxy-image-analysis/tree/master/tools/visceral_evaluatesegmentation,,,,evaluatesegmentation-tool,0,0,1,0,0,0,0,0,0,0,0,0,0,0,0,0,0,0,0,0,0,0,0,0,0,0,0,0,0,0,0,1,1,0,1,1,13,25,0,0,0,0,0,0,0,0,0,0,0,0,1,3,13,51,False,False
voronoi_tesselation,['voronoi_tessellation'],Compute Voronoi tesselation,2024-03-09,https://github.com/bmcv,0.22.0,scikit-image,,To update,['Imaging'],"['Image analysis', 'Image annotation', 'Visualisation', 'Data handling']","['Image analysis', 'Image annotation', 'Visualisation', 'Data handling']","['Imaging', 'Software engineering', 'Literature and language']","['Imaging', 'Software engineering', 'Literature and language']",imgteam,https://github.com/BMCV/galaxy-image-analysis/tree/master/tools/voronoi_tesselation,https://github.com/BMCV/galaxy-image-analysis/tree/master/tools/voronoi_tessellation,scikit-image,scikit-image,"Scikit-image contains image processing algorithms for SciPy, including IO, morphology, filtering, warping, color manipulation, object detection, etc.",scikit-image,0,0,1,0,0,0,0,0,0,0,0,0,0,0,0,0,0,0,0,0,0,0,0,0,0,0,0,0,0,0,0,0,0,0,4,4,61,61,0,0,0,0,0,0,0,0,0,0,0,0,4,12,61,183,False,False
wsi_extract_top_view,['ip_wsi_extract_top_view'],WSI Extract Top View,2017-10-30,https://github.com/bmcv,0.2-2,scikit-image,,To update,['Imaging'],[],[],[],[],imgteam,https://github.com/BMCV/galaxy-image-analysis/tree/master/tools/wsi_extract_top_view/,https://github.com/BMCV/galaxy-image-analysis/tree/master/tools/wsi_extract_top_view,,,,,0,0,1,0,0,0,0,0,0,0,0,0,0,0,0,0,0,0,0,0,0,0,0,0,0,0,0,0,0,0,0,1,1,0,2,3,25,38,0,0,0,0,0,0,0,0,0,0,0,0,2,7,25,88,False,False
bioimage_inference,['bioimage_inference'],Load model from BioImage.IO and make inferences,2024-08-02,https://github.com/bgruening/galaxytools,2.4.1,python,,To update,['Imaging'],[],[],"['Machine learning', 'Computer science']",['Machine learning'],bgruening,https://github.com/bgruening/galaxytools/tree/master/tools/bioimaging,https://github.com/bgruening/galaxytools/tree/master/tools/bioimaging,pytorch,PyTorch,PyTorch is an optimized tensor library for deep learning using GPUs and CPUs.,pytorch,0,0,1,0,0,0,0,0,0,0,0,0,0,0,0,0,0,0,0,0,0,0,0,0,0,0,0,0,0,0,0,0,0,0,4,4,59,59,0,0,0,0,0,0,0,0,0,0,0,0,4,12,59,177,False,False
cellpose,['cellpose'],Cellpose is an anatomical segmentation algorithm,2024-02-29,https://github.com/MouseLand/cellpose,3.1.0,,,To update,['Imaging'],[],[],[],[],bgruening,https://github.com/bgruening/galaxytools/tree/master/tools/cellpose,https://github.com/bgruening/galaxytools/tree/master/tools/cellpose,,,,,0,1,1,0,0,0,0,0,0,0,0,0,0,0,0,0,0,0,0,0,0,0,0,0,0,0,0,0,0,0,0,0,0,0,5,5,22,22,0,0,0,0,0,0,0,0,0,0,0,0,5,15,22,66,False,False
cellprofiler,"['cp_cellprofiler', 'cp_color_to_gray', 'cp_convert_objects_to_image', 'cp_display_data_on_image', 'cp_enhance_or_suppress_features', 'cp_export_to_spreadsheet', 'cp_gray_to_color', 'cp_identify_primary_objects', 'cp_image_math', 'cp_mask_image', 'cp_measure_granularity', 'cp_measure_image_area_occupied', 'cp_measure_image_intensity', 'cp_measure_image_quality', 'cp_measure_object_intensity', 'cp_measure_object_size_shape', 'cp_measure_texture', 'cp_overlay_outlines', 'cp_relate_objects', 'cp_save_images', 'cp_common', 'cp_tile', 'cp_track_objects']",cellProfiler wrapper,2020-03-06,,,,,To update,['Imaging'],"['Quantification', 'Image analysis', 'Parsing']","['Quantification', 'Image analysis', 'Parsing']","['Imaging', 'Microarray experiment', 'Genotype and phenotype']","['Imaging', 'Microarray experiment', 'Genotype and phenotype']",bgruening,https://github.com/bgruening/galaxytools/tree/master/tools,https://github.com/bgruening/galaxytools/tree/master/tools/cellprofiler,CellProfiler,CellProfiler,"Tool for quantifying data from biological images, particularly in high-throughput experiments.",cellprofiler,0,23,23,19,0,0,0,0,0,0,0,0,0,0,0,0,0,0,0,0,0,0,0,0,0,0,0,0,0,0,0,23,19,0,773,773,4932,4932,0,0,0,0,108,108,6930,6930,0,0,0,0,881,2643,11862,35586,False,False
cellprofiler4,['cp_cellprofiler4'],cellProfiler4 wrapper,2021-09-15,https://github.com/CellProfiler/CellProfiler,4.2.8,,,To update,['Imaging'],[],[],[],[],bgruening,https://github.com/bgruening/galaxytools/tree/master/tools,https://github.com/bgruening/galaxytools/tree/master/tools/cellprofiler_v4,,,,,0,0,1,1,0,0,0,0,0,0,0,0,0,0,0,0,0,1,0,0,0,0,0,0,0,0,0,0,0,0,0,1,0,0,11,11,55,55,0,0,0,0,0,0,0,0,0,0,0,0,11,33,55,165,False,False
bia_download,['bia_download'],Tool to query ftp links for study from bioimage archive,2023-12-06,https://www.ebi.ac.uk/biostudies/bioimages/studies,0.2.0,wget,,To update,['Imaging'],[],[],[],[],bgruening,https://github.com/bgruening/galaxytools/tree/master/tools,https://github.com/bgruening/galaxytools/tree/master/tools/image_processing/bia-ftplinks,,,,,0,0,1,0,0,0,0,0,0,0,0,0,0,0,0,0,0,0,0,0,0,0,0,0,0,0,0,0,0,0,0,0,0,0,7,7,13,13,0,0,0,0,0,0,0,0,0,0,0,0,7,21,13,39,False,False
graphicsmagick,"['graphicsmagick_image_compare', 'graphicsmagick_image_convert', 'graphicsmagick_image_montage']",Contains tools based on GraphicsMagick,2016-12-26,http://www.graphicsmagick.org,1.3.45,graphicsmagick,1.3.26,To update,['Imaging'],[],[],[],[],bgruening,https://github.com/bgruening/galaxytools/new/gm/tools/image_processing/image_processing/,https://github.com/bgruening/galaxytools/tree/master/tools/image_processing/graphicsmagick,,,,,1,0,3,0,0,0,0,0,0,0,0,0,0,0,0,0,0,0,0,0,0,0,0,0,0,0,0,0,0,0,0,2,2,0,96,106,1640,2803,3,3,3,3,0,0,0,0,0,0,0,0,99,307,1643,6092,False,False
imagej2,"['imagej2_adjust_threshold_binary', 'imagej2_analyze_particles_binary', 'imagej2_analyze_skeleton', 'imagej2_binary_to_edm', 'imagej2_bunwarpj_adapt_transform', 'imagej2_bunwarpj_align', 'imagej2_bunwarpj_compare_elastic', 'imagej2_bunwarpj_compare_elastic_raw', 'imagej2_bunwarpj_compare_raw', 'imagej2_bunwarpj_compose_elastic', 'imagej2_bunwarpj_compose_raw', 'imagej2_bunwarpj_compose_raw_elastic', 'imagej2_bunwarpj_convert_to_raw', 'imagej2_bunwarpj_elastic_transform', 'imagej2_bunwarpj_raw_transform', 'imagej2_create_image', 'imagej2_crop', 'imagej2_enhance_contrast', 'imagej2_filter', 'imagej2_find_edges', 'imagej2_find_maxima', 'imagej2_make_binary', 'imagej2_math', 'imagej2_noise', 'imagej2_shadows', 'imagej2_sharpen', 'imagej2_skeletonize3d', 'imagej2_smooth', 'imagej2_watershed_binary']","ImageJ2 is a new version of ImageJ for the next generation of multidimensionalimage data, with a focus on scientific imaging.",2015-05-05,http://fiji.sc,20240614,,,To update,['Imaging'],"['Image analysis', 'Image annotation', 'Visualisation']","['Image analysis', 'Image annotation', 'Visualisation']",['Imaging'],['Imaging'],imgteam,https://github.com/bgruening/galaxytools/tree/master/tools/image_processing/imagej2,https://github.com/bgruening/galaxytools/tree/master/tools/image_processing/imagej2,imagej,ImageJ2,"It is a public domain Java image processing program, which was designed with an open architecture. Custom acquisition, analysis and processing plugins can be developed using ImageJâ€™s built-in editor and a Java compiler. User-written plugins make it possible to solve many image processing and analysis problems, from three-dimensional live-cell imaging, to radiological image processing, multiple imaging system data comparisons to automated hematology systems.",imagej2,0,0,27,0,0,0,0,0,0,0,0,0,0,0,0,0,0,0,0,0,0,0,0,0,0,0,0,0,0,0,0,27,27,0,118,120,1337,1768,0,0,0,0,0,0,0,0,0,0,0,0,118,356,1337,4442,False,False
Wound healing scratch assay image analysis,['woundhealing_scratch_assay'],Tool to automate quantification of wound healing in high-throughput microscopy scratch assays,2024-02-29,https://git.embl.de/grp-cba/wound-healing-htm-screen,1.6.1,fiji-morpholibj,1.6.1,Up-to-date,['Imaging'],[],[],[],[],bgruening,https://github.com/bgruening/galaxytools/tree/master/tools,https://github.com/bgruening/galaxytools/tree/master/tools/image_processing/woundhealing,,,,,0,0,1,0,0,0,0,0,0,0,0,0,0,0,0,0,0,0,0,0,0,0,0,0,0,0,0,0,0,0,0,0,0,0,1,1,31,31,0,0,0,0,0,0,0,0,0,0,0,0,1,3,31,93,False,False
spyboat,['spyboat'],Wavelet analysis for 3d-image stacks,2020-11-28,http://github.com/tensionhead/spyboat,0.1.2,spyboat,,To update,"['Imaging', 'Graphics']",[],[],[],[],iuc,https://github.com/galaxyproject/tools-iuc/tree/master/packages/spyboat,https://github.com/galaxyproject/tools-iuc/tree/main/tools/spyboat,,,,,0,0,1,0,0,0,0,0,0,0,0,0,0,0,0,0,0,0,0,0,0,0,0,0,0,0,0,0,0,0,0,1,0,0,5,5,154,154,0,0,0,0,0,0,0,0,0,0,0,0,5,15,154,462,False,False
qupath_roi_splitter,['qupath_roi_splitter'],Split ROI coordinates of QuPath TMA annotation by cell type,2023-04-12,https://github.com/npinter/ROIsplitter,0.3.2,geojson,,To update,['Imaging'],[],[],[],[],galaxyp,hhttps://github.com/npinter/ROIsplitter,https://github.com/galaxyproteomics/tools-galaxyp/tree/master/tools/qupath_roi_splitter,,,,,0,0,1,0,0,0,0,0,0,0,0,0,0,0,0,0,0,0,0,0,0,0,0,0,0,0,0,0,0,0,0,1,0,0,9,9,181,181,0,0,0,0,0,0,0,0,0,0,0,0,9,27,181,543,False,False
hyperstack_to_bleach_corrected_movie,['hyperstack_to_bleach_corrected_movie'],Generate blach corrected movie from hyperstack,2023-02-27,,20241220,Fiji,20250206,To update,['Imaging'],[],[],[],[],lldelisle,https://github.com/lldelisle/tools-lldelisle/tree/master/tools/hyperstack_to_bleach_corrected_movie,https://github.com/lldelisle/tools-lldelisle/tree/master/tools/hyperstack_to_bleach_corrected_movie,,,,,0,0,0,0,0,0,0,0,0,0,0,0,0,0,0,0,0,0,0,0,0,0,0,0,0,0,0,0,0,0,0,0,0,0,0,0,0,0,0,0,0,0,0,0,0,0,0,0,0,0,0,0,0,0,False,False
incucyte_stack_and_upload_omero,['incucyte_stack_and_upload_omero'],Combine images to stack and upload to the omero server,2023-02-17,,20231221,Fiji,20250206,To update,['Imaging'],[],[],[],[],lldelisle,https://github.com/lldelisle/tools-lldelisle/tree/master/tools/incucyte_stack_and_upload_omero,https://github.com/lldelisle/tools-lldelisle/tree/master/tools/incucyte_stack_and_upload_omero,,,,,0,0,0,0,0,0,0,0,0,0,0,0,0,0,0,0,0,0,0,0,0,0,0,0,0,0,0,0,0,0,0,0,0,0,0,0,0,0,0,0,0,0,0,0,0,0,0,0,0,0,0,0,0,0,False,False
max_projections_stack_and_upload_omero,['max_projections_stack_and_upload_omero'],Combine images from max projections to stack and upload to the omero server,2024-12-12,,20241213.2,Fiji,20250206,To update,['Imaging'],[],[],[],[],lldelisle,https://github.com/lldelisle/tools-lldelisle/tree/master/tools/max_projections_stack_and_upload_omero,https://github.com/lldelisle/tools-lldelisle/tree/master/tools/max_projections_stack_and_upload_omero,,,,,0,0,0,0,0,0,0,0,0,0,0,0,0,0,0,0,0,0,0,0,0,0,0,0,0,0,0,0,0,0,0,0,0,0,0,0,0,0,0,0,0,0,0,0,0,0,0,0,0,0,0,0,0,0,False,False
measure_gastruloids,['measureGastruloids'],"Get the ROI coordinates around the gastruloids as well as measurements like Area, elongation index",2022-01-18,,20221216,fiji,20250206,To update,['Imaging'],[],[],[],[],lldelisle,https://github.com/lldelisle/tools-lldelisle/tree/master/tools/measure_gastruloids,https://github.com/lldelisle/tools-lldelisle/tree/master/tools/measure_gastruloids,,,,,0,0,0,0,0,0,0,0,0,0,0,0,0,0,0,0,0,0,0,0,0,0,0,0,0,0,0,0,0,0,0,0,0,0,0,0,0,0,0,0,0,0,0,0,0,0,0,0,0,0,0,0,0,0,False,False
omero_clean_rois_tables,['omero_clean_rois_tables'],Remove all ROIs and all tables on OMERO associated to an omero object and recursively up and down,2023-06-23,,20230623,fiji,20250206,To update,['Imaging'],[],[],[],[],lldelisle,https://github.com/lldelisle/tools-lldelisle/tree/master/tools/omero_clean_rois_tables,https://github.com/lldelisle/tools-lldelisle/tree/master/tools/omero_clean_rois_tables,,,,,0,0,0,0,0,0,0,0,0,0,0,0,0,0,0,0,0,0,0,0,0,0,0,0,0,0,0,0,0,0,0,0,0,0,0,0,0,0,0,0,0,0,0,0,0,0,0,0,0,0,0,0,0,0,False,False
omero_get_children_ids,['omero_get_children_ids'],Get omero id of children of an omero object id,2023-12-22,,0.2.0,omero-py,5.11.1,To update,['Imaging'],[],[],[],[],lldelisle,https://github.com/lldelisle/tools-lldelisle/tree/master/tools/omero_get_children_ids,https://github.com/lldelisle/tools-lldelisle/tree/master/tools/omero_get_children_ids,,,,,0,0,0,0,0,0,0,0,0,0,0,0,0,0,0,0,0,0,0,0,0,0,0,0,0,0,0,0,0,0,0,0,0,0,0,0,0,0,0,0,0,0,0,0,0,0,0,0,0,0,0,0,0,0,False,False
omero_get_full_images,['omero_get_full_images'],Get full images from omero,2024-05-21,,20240521,fiji,20250206,To update,['Imaging'],[],[],[],[],lldelisle,https://github.com/lldelisle/tools-lldelisle/tree/master/tools/omero_get_full_images,https://github.com/lldelisle/tools-lldelisle/tree/master/tools/omero_get_full_images,,,,,0,0,0,0,0,0,0,0,0,0,0,0,0,0,0,0,0,0,0,0,0,0,0,0,0,0,0,0,0,0,0,0,0,0,0,0,0,0,0,0,0,0,0,0,0,0,0,0,0,0,0,0,0,0,False,False
omero_hyperstack_to_fluo_measurements_on_gastruloid,['omero_hyperstack_to_fluo_measurements_on_gastruloid'],Analyse Hyperstack on OMERO server to measure fluorescence levels,2023-03-24,,20230809,fiji,20250206,To update,['Imaging'],[],[],[],[],lldelisle,https://github.com/lldelisle/tools-lldelisle/tree/master/tools/omero_hyperstack_to_fluo_measurements_on_gastruloid,https://github.com/lldelisle/tools-lldelisle/tree/master/tools/omero_hyperstack_to_fluo_measurements_on_gastruloid,,,,,0,0,0,0,0,0,0,0,0,0,0,0,0,0,0,0,0,0,0,0,0,0,0,0,0,0,0,0,0,0,0,0,0,0,0,0,0,0,0,0,0,0,0,0,0,0,0,0,0,0,0,0,0,0,False,False
omero_hyperstack_to_gastruloid_measurements,['omero_hyperstack_to_gastruloid_measurements'],Analyse Hyperstack on OMERO server to segment gastruloid and compute measurements,2023-03-24,,20240214,fiji,20250206,To update,['Imaging'],[],[],[],[],lldelisle,https://github.com/lldelisle/tools-lldelisle/tree/master/tools/omero_hyperstack_to_gastruloid_measurements,https://github.com/lldelisle/tools-lldelisle/tree/master/tools/omero_hyperstack_to_gastruloid_measurements,,,,,0,0,0,0,0,0,0,0,0,0,0,0,0,0,0,0,0,0,0,0,0,0,0,0,0,0,0,0,0,0,0,0,0,0,0,0,0,0,0,0,0,0,0,0,0,0,0,0,0,0,0,0,0,0,False,False
upload_roi_and_measures_to_omero,['uploadROIandMeasuresToOMERO'],Upload the ROI coordinates and the measurements to the omero server,2022-01-18,,0.0.5,omero-py,5.11.1,To update,['Imaging'],[],[],[],[],lldelisle,https://github.com/lldelisle/tools-lldelisle/tree/master/tools/upload_roi_and_measures_to_omero,https://github.com/lldelisle/tools-lldelisle/tree/master/tools/upload_roi_and_measures_to_omero,,,,,0,0,0,0,0,0,0,0,0,0,0,0,0,0,0,0,0,0,0,0,0,0,0,0,0,0,0,0,0,0,0,0,0,0,0,0,0,0,0,0,0,0,0,0,0,0,0,0,0,0,0,0,0,0,False,False
omero_upload,"['omero_dataset_to_plate', 'omero_filter', 'omero_get_id', 'omero_get_value', 'omero_import', 'omero_metadata_import', 'omero_roi_import']",Interact with an OMERO.server using omero-py and ezomero.,2024-02-07,https://github.com/ome/omero-py/,5.18.0,,,To update,['Imaging'],['Image analysis'],['Image analysis'],"['Imaging', 'Data visualisation']","['Imaging', 'Data visualisation']",ufz,https://github.com/Helmholtz-UFZ/galaxy-tools/tree/main/tools/omero,https://github.com/Helmholtz-UFZ/galaxy-tools/tree/main/tools/omero,omero,OMERO,"Client-server Java software for visualisation, management and analysis of biological microscope images.",,0,0,3,0,0,0,0,0,0,0,0,0,0,0,0,0,0,0,0,0,0,0,0,0,0,0,0,0,0,0,0,0,0,0,0,0,0,0,0,0,0,0,0,0,0,0,0,0,0,0,0,0,0,0,False,False
